{
  "track_points": 2366,
  "trajectory_points": 2366,
  "v_max": 20.0,
  "v_min": 20.0,
  "v_avg": 20.0,
  "lap_time": 116.27628660945061,
  "track_length": 2325.525732189012,
  "braking_points": 0
}