{
  "track_points": 865,
  "trajectory_points": 865,
  "v_max": 20.0,
  "v_min": 20.0,
  "v_avg": 20.0,
  "lap_time": 10.460727366981281,
  "track_length": 209.2145473396256,
  "braking_points": 0
}